0.936469,1.098665,1.132636,1.160217
0.942809,1.123405,1.131148,1.162401
0.959995,1.13706,1.132844,1.156239
0.988265,1.1415520000000001,1.137804,1.138207
1.02491,1.140181,1.1452120000000001,1.107121
1.064101,1.136291,1.153459,1.065472
1.098665,1.132636,1.160217,1.018065
1.123405,1.131148,1.162401,0.969583
1.13706,1.132844,1.156239,0.923356
1.1415520000000001,1.137804,1.138207,0.8812690000000001
1.140181,1.1452120000000001,1.107121,0.844032
1.136291,1.153459,1.065472,0.811458
1.132636,1.160217,1.018065,0.782721
1.131148,1.162401,0.969583,0.756648
1.132844,1.156239,0.923356,0.7320409999999999
1.137804,1.138207,0.8812690000000001,0.7079770000000001
1.1452120000000001,1.107121,0.844032,0.684032
1.153459,1.065472,0.811458,0.660379
1.160217,1.018065,0.782721,0.637844
1.162401,0.969583,0.756648,0.6179939999999999
1.156239,0.923356,0.7320409999999999,0.603317
1.138207,0.8812690000000001,0.7079770000000001,0.597306
1.107121,0.844032,0.684032,0.604023
1.065472,0.811458,0.660379,0.626663
1.018065,0.782721,0.637844,0.665554
0.969583,0.756648,0.6179939999999999,0.717249
0.923356,0.7320409999999999,0.603317,0.775948
0.8812690000000001,0.7079770000000001,0.597306,0.835981
0.844032,0.684032,0.604023,0.893317
0.811458,0.660379,0.626663,0.9456950000000001
0.782721,0.637844,0.665554,0.9920889999999999
0.756648,0.6179939999999999,0.717249,1.032149
0.7320409999999999,0.603317,0.775948,1.065827
0.7079770000000001,0.597306,0.835981,1.093216
0.684032,0.604023,0.893317,1.114525
0.660379,0.626663,0.9456950000000001,1.13014
0.637844,0.665554,0.9920889999999999,1.140719
0.6179939999999999,0.717249,1.032149,1.147307
0.603317,0.775948,1.065827,1.1514719999999998
0.597306,0.835981,1.093216,1.155376
0.604023,0.893317,1.114525,1.161622
0.626663,0.9456950000000001,1.13014,1.172652
0.665554,0.9920889999999999,1.140719,1.189671
0.717249,1.032149,1.147307,1.211384
0.775948,1.065827,1.1514719999999998,1.233268
0.835981,1.093216,1.155376,1.2484620000000002
0.893317,1.114525,1.161622,1.2506680000000001
0.9456950000000001,1.13014,1.172652,1.237057
0.9920889999999999,1.140719,1.189671,1.208749
1.032149,1.147307,1.211384,1.1692129999999998
1.065827,1.1514719999999998,1.233268,1.122479
1.093216,1.155376,1.2484620000000002,1.072115
1.114525,1.161622,1.2506680000000001,1.0209059999999999
1.13014,1.172652,1.237057,0.9708559999999999
1.140719,1.189671,1.208749,0.9232790000000001
1.147307,1.211384,1.1692129999999998,0.878864
1.1514719999999998,1.233268,1.122479,0.837673
1.155376,1.2484620000000002,1.072115,0.799122
1.161622,1.2506680000000001,1.0209059999999999,0.762077
1.172652,1.237057,0.9708559999999999,0.725223
1.189671,1.208749,0.9232790000000001,0.6876800000000001
1.211384,1.1692129999999998,0.878864,0.649539
1.233268,1.122479,0.837673,0.611928
1.2484620000000002,1.072115,0.799122,0.576625
1.2506680000000001,1.0209059999999999,0.762077,0.5456770000000001
1.237057,0.9708559999999999,0.725223,0.521332
1.208749,0.9232790000000001,0.6876800000000001,0.506185
1.1692129999999998,0.878864,0.649539,0.503249
1.122479,0.837673,0.611928,0.5155529999999999
1.072115,0.799122,0.576625,0.545016
1.0209059999999999,0.762077,0.5456770000000001,0.590971
0.9708559999999999,0.725223,0.521332,0.649578
0.9232790000000001,0.6876800000000001,0.506185,0.714975
0.878864,0.649539,0.503249,0.781321
0.837673,0.611928,0.5155529999999999,0.844174
0.799122,0.576625,0.545016,0.9007120000000001
0.762077,0.5456770000000001,0.590971,0.9493090000000001
0.725223,0.521332,0.649578,0.989066
0.6876800000000001,0.506185,0.714975,1.019593
0.649539,0.503249,0.781321,1.041016
0.611928,0.5155529999999999,0.844174,1.0540120000000002
0.576625,0.545016,0.9007120000000001,1.059763
0.5456770000000001,0.590971,0.9493090000000001,1.059877
0.521332,0.649578,0.989066,1.056343
0.506185,0.714975,1.019593,1.0515299999999999
0.503249,0.781321,1.041016,1.048181
0.5155529999999999,0.844174,1.0540120000000002,1.049234
0.545016,0.9007120000000001,1.059763,1.057364
0.590971,0.9493090000000001,1.059877,1.074217
0.649578,0.989066,1.056343,1.0994629999999999
0.714975,1.019593,1.0515299999999999,1.129911
0.781321,1.041016,1.048181,1.1593579999999999
0.844174,1.0540120000000002,1.049234,1.180342
0.9007120000000001,1.059763,1.057364,1.187519
0.9493090000000001,1.059877,1.074217,1.179893
0.989066,1.056343,1.0994629999999999,1.160138
1.019593,1.0515299999999999,1.129911,1.1325
1.041016,1.048181,1.1593579999999999,1.101156
1.0540120000000002,1.049234,1.180342,1.0694860000000002
1.059763,1.057364,1.187519,1.0399209999999999
1.059877,1.074217,1.179893,1.013946
1.056343,1.0994629999999999,1.160138,0.9921040000000001
1.0515299999999999,1.129911,1.1325,0.973929
1.048181,1.1593579999999999,1.101156,0.957909
1.049234,1.180342,1.0694860000000002,0.941608
1.057364,1.187519,1.0399209999999999,0.9220860000000001
1.074217,1.179893,1.013946,0.896761
1.0994629999999999,1.160138,0.9921040000000001,0.86454
1.129911,1.1325,0.973929,0.8265629999999999
1.1593579999999999,1.101156,0.957909,0.785791
1.180342,1.0694860000000002,0.941608,0.745799
1.187519,1.0399209999999999,0.9220860000000001,0.709874
1.179893,1.013946,0.896761,0.680764
1.160138,0.9921040000000001,0.86454,0.660696
1.1325,0.973929,0.8265629999999999,0.6512819999999999
1.101156,0.957909,0.785791,0.6532319999999999
1.0694860000000002,0.941608,0.745799,0.666083
1.0399209999999999,0.9220860000000001,0.709874,0.688225
1.013946,0.896761,0.680764,0.717346
0.9921040000000001,0.86454,0.660696,0.751092
0.973929,0.8265629999999999,0.6512819999999999,0.787658
0.957909,0.785791,0.6532319999999999,0.8261209999999999
0.941608,0.745799,0.666083,0.8664299999999999
0.9220860000000001,0.709874,0.688225,0.9089370000000001
0.896761,0.680764,0.717346,0.9534530000000001
0.86454,0.660696,0.751092,0.998343
0.8265629999999999,0.6512819999999999,0.787658,1.040707
0.785791,0.6532319999999999,0.8261209999999999,1.07771
0.745799,0.666083,0.8664299999999999,1.107795
0.709874,0.688225,0.9089370000000001,1.130955
0.680764,0.717346,0.9534530000000001,1.148364
0.660696,0.751092,0.998343,1.161881
0.6512819999999999,0.787658,1.040707,1.1736149999999999
0.6532319999999999,0.8261209999999999,1.07771,1.185533
0.666083,0.8664299999999999,1.107795,1.1991129999999999
0.688225,0.9089370000000001,1.130955,1.215074
0.717346,0.9534530000000001,1.148364,1.233217
0.751092,0.998343,1.161881,1.2523950000000001
0.787658,1.040707,1.1736149999999999,1.270558
0.8261209999999999,1.07771,1.185533,1.2848110000000001
0.8664299999999999,1.107795,1.1991129999999999,1.291496
0.9089370000000001,1.130955,1.215074,1.286632
0.9534530000000001,1.148364,1.233217,1.2672729999999999
0.998343,1.161881,1.2523950000000001,1.2332670000000001
1.040707,1.1736149999999999,1.270558,1.18754
1.07771,1.185533,1.2848110000000001,1.134458
1.107795,1.1991129999999999,1.291496,1.078063
1.130955,1.215074,1.286632,1.021283
1.148364,1.233217,1.2672729999999999,0.965883
1.161881,1.2523950000000001,1.2332670000000001,0.912684
1.1736149999999999,1.270558,1.18754,0.861823
1.185533,1.2848110000000001,1.134458,0.813029
1.1991129999999999,1.291496,1.078063,0.765889
1.215074,1.286632,1.021283,0.72009
1.233217,1.2672729999999999,0.965883,0.6755680000000001
1.2523950000000001,1.2332670000000001,0.912684,0.632548
1.270558,1.18754,0.861823,0.5915090000000001
1.2848110000000001,1.134458,0.813029,0.553138
1.291496,1.078063,0.765889,0.518356
1.286632,1.021283,0.72009,0.48842700000000006
1.2672729999999999,0.965883,0.6755680000000001,0.46515
1.2332670000000001,0.912684,0.632548,0.45106899999999994
1.18754,0.861823,0.5915090000000001,0.44951800000000003
1.134458,0.813029,0.553138,0.464138
1.078063,0.765889,0.518356,0.497449
1.021283,0.72009,0.48842700000000006,0.5488890000000001
0.965883,0.6755680000000001,0.46515,0.613937
0.912684,0.632548,0.45106899999999994,0.685516
0.861823,0.5915090000000001,0.44951800000000003,0.7565390000000001
0.813029,0.553138,0.464138,0.821649
0.765889,0.518356,0.497449,0.877611
0.72009,0.48842700000000006,0.5488890000000001,0.922941
0.6755680000000001,0.46515,0.613937,0.957377
0.632548,0.45106899999999994,0.685516,0.981433
0.5915090000000001,0.44951800000000003,0.7565390000000001,0.996094
0.553138,0.464138,0.821649,1.002626
0.518356,0.497449,0.877611,1.002505
0.48842700000000006,0.5488890000000001,0.922941,0.997416
0.46515,0.613937,0.957377,0.989331
0.45106899999999994,0.685516,0.981433,0.9806159999999999
0.44951800000000003,0.7565390000000001,0.996094,0.974093
0.464138,0.821649,1.002626,0.9729110000000001
0.497449,0.877611,1.002505,0.980045
0.5488890000000001,0.922941,0.997416,0.9974559999999999
0.613937,0.957377,0.989331,1.0251059999999999
0.685516,0.981433,0.9806159999999999,1.0600610000000001
0.7565390000000001,0.996094,0.974093,1.096296
0.821649,1.002626,0.9729110000000001,1.126435
0.877611,1.002505,0.980045,1.1451850000000001
0.922941,0.997416,0.9974559999999999,1.151448
0.957377,0.989331,1.0251059999999999,1.147526
0.981433,0.9806159999999999,1.0600610000000001,1.137132
0.996094,0.974093,1.096296,1.123948
1.002626,0.9729110000000001,1.126435,1.110994
1.002505,0.980045,1.1451850000000001,1.100433
0.997416,0.9974559999999999,1.151448,1.0935030000000001
0.989331,1.0251059999999999,1.147526,1.0904639999999999
0.9806159999999999,1.0600610000000001,1.137132,1.090554
0.974093,1.096296,1.123948,1.092009
0.9729110000000001,1.126435,1.110994,1.092154
0.980045,1.1451850000000001,1.100433,1.0875700000000001
0.9974559999999999,1.151448,1.0935030000000001,1.0745879999999999
1.0251059999999999,1.147526,1.0904639999999999,1.050551
1.0600610000000001,1.137132,1.090554,1.0155299999999998
1.096296,1.123948,1.092009,0.972735
1.126435,1.110994,1.092154,0.926852
1.1451850000000001,1.100433,1.0875700000000001,0.882125
1.151448,1.0935030000000001,1.0745879999999999,0.8415739999999999
1.147526,1.0904639999999999,1.050551,0.8070069999999999
1.137132,1.090554,1.0155299999999998,0.779199
1.123948,1.092009,0.972735,0.7580180000000001
1.110994,1.092154,0.926852,0.742566
1.100433,1.0875700000000001,0.882125,0.731406
1.0935030000000001,1.0745879999999999,0.8415739999999999,0.7229
1.0904639999999999,1.050551,0.8070069999999999,0.715607
1.090554,1.0155299999999998,0.779199,0.7086560000000001
1.092009,0.972735,0.7580180000000001,0.7020350000000001
1.092154,0.926852,0.742566,0.696789
1.0875700000000001,0.882125,0.731406,0.695155
1.0745879999999999,0.8415739999999999,0.7229,0.700526
1.050551,0.8070069999999999,0.715607,0.716816
1.0155299999999998,0.779199,0.7086560000000001,0.746707
0.972735,0.7580180000000001,0.7020350000000001,0.789509
0.926852,0.742566,0.696789,0.840822
0.882125,0.731406,0.695155,0.894785
0.8415739999999999,0.7229,0.700526,0.946675
0.8070069999999999,0.715607,0.716816,0.9939049999999999
0.779199,0.7086560000000001,0.746707,1.035658
0.7580180000000001,0.7020350000000001,0.789509,1.0721370000000001
0.742566,0.696789,0.840822,1.1039459999999999
0.731406,0.695155,0.894785,1.13172
0.7229,0.700526,0.946675,1.155965
0.715607,0.716816,0.9939049999999999,1.1770450000000001
0.7086560000000001,0.746707,1.035658,1.19525
0.7020350000000001,0.789509,1.0721370000000001,1.210928
0.696789,0.840822,1.1039459999999999,1.224643
0.695155,0.894785,1.13172,1.23732
0.700526,0.946675,1.155965,1.250254
0.716816,0.9939049999999999,1.1770450000000001,1.2646959999999998
0.746707,1.035658,1.19525,1.2807540000000002
0.789509,1.0721370000000001,1.210928,1.295926
0.840822,1.1039459999999999,1.224643,1.304798
0.894785,1.13172,1.23732,1.30136
0.946675,1.155965,1.250254,1.2824309999999999
0.9939049999999999,1.1770450000000001,1.2646959999999998,1.248773
1.035658,1.19525,1.2807540000000002,1.2035850000000001
1.0721370000000001,1.210928,1.295926,1.150617
1.1039459999999999,1.224643,1.304798,1.0931520000000001
1.13172,1.23732,1.30136,1.033733
1.155965,1.250254,1.2824309999999999,0.974216
1.1770450000000001,1.2646959999999998,1.248773,0.9159069999999999
1.19525,1.2807540000000002,1.2035850000000001,0.859682
1.210928,1.295926,1.150617,0.806072
1.224643,1.304798,1.0931520000000001,0.755304
1.23732,1.30136,1.033733,0.707338
1.250254,1.2824309999999999,0.974216,0.6619229999999999
1.2646959999999998,1.248773,0.9159069999999999,0.618766
1.2807540000000002,1.2035850000000001,0.859682,0.5777899999999999
1.295926,1.150617,0.806072,0.539365
1.304798,1.0931520000000001,0.755304,0.50434
1.30136,1.033733,0.707338,0.473962
1.2824309999999999,0.974216,0.6619229999999999,0.44988500000000003
1.248773,0.9159069999999999,0.618766,0.43436
1.2035850000000001,0.859682,0.5777899999999999,0.43046
1.150617,0.806072,0.539365,0.441959
1.0931520000000001,0.755304,0.50434,0.472278
1.033733,0.707338,0.473962,0.522256
0.974216,0.6619229999999999,0.44988500000000003,0.588109
0.9159069999999999,0.618766,0.43436,0.662049
0.859682,0.5777899999999999,0.43046,0.735564
0.806072,0.539365,0.441959,0.80232
0.755304,0.50434,0.472278,0.858901
0.707338,0.473962,0.522256,0.904119
0.6619229999999999,0.44988500000000003,0.588109,0.9380809999999999
0.618766,0.43436,0.662049,0.961541
0.5777899999999999,0.43046,0.735564,0.9755729999999999
0.539365,0.441959,0.80232,0.981463
0.50434,0.472278,0.858901,0.98067
0.473962,0.522256,0.904119,0.974844
0.44988500000000003,0.588109,0.9380809999999999,0.965872
0.43436,0.662049,0.961541,0.9559850000000001
0.43046,0.735564,0.9755729999999999,0.9478690000000001
0.441959,0.80232,0.981463,0.944657
0.472278,0.858901,0.98067,0.9495709999999999
0.522256,0.904119,0.974844,0.9650780000000001
0.588109,0.9380809999999999,0.965872,0.991748
0.662049,0.961541,0.9559850000000001,1.027218
0.735564,0.9755729999999999,0.9478690000000001,1.065921
0.80232,0.981463,0.944657,1.100647
0.858901,0.98067,0.9495709999999999,1.125785
0.904119,0.974844,0.9650780000000001,1.139541
0.9380809999999999,0.965872,0.991748,1.143502
0.961541,0.9559850000000001,1.027218,1.140898
0.9755729999999999,0.9478690000000001,1.065921,1.135167
0.981463,0.944657,1.100647,1.129238
0.98067,0.9495709999999999,1.125785,1.125241
0.974844,0.9650780000000001,1.139541,1.1244120000000002
0.965872,0.991748,1.143502,1.127041
0.9559850000000001,1.027218,1.140898,1.132491
0.9478690000000001,1.065921,1.135167,1.139256
0.944657,1.100647,1.129238,1.145032
0.9495709999999999,1.125785,1.125241,1.146719
0.9650780000000001,1.139541,1.1244120000000002,1.140542
0.991748,1.143502,1.127041,1.122941
1.027218,1.140898,1.132491,1.0925639999999999
1.065921,1.135167,1.139256,1.051655
1.100647,1.129238,1.145032,1.004876
1.125785,1.125241,1.146719,0.956938
1.139541,1.1244120000000002,1.140542,0.911294
1.143502,1.127041,1.122941,0.869992
1.140898,1.132491,1.0925639999999999,0.8339040000000001
1.135167,1.139256,1.051655,0.802975
1.129238,1.145032,1.004876,0.7764449999999999
1.125241,1.146719,0.956938,0.75312
1.1244120000000002,1.140542,0.911294,0.731683
1.127041,1.122941,0.869992,0.711024
1.132491,1.0925639999999999,0.8339040000000001,0.690511
1.139256,1.051655,0.802975,0.6701550000000001
1.145032,1.004876,0.7764449999999999,0.6507069999999999
1.146719,0.956938,0.75312,0.633757
1.140542,0.911294,0.731683,0.621894
1.122941,0.869992,0.711024,0.618745
1.0925639999999999,0.8339040000000001,0.690511,0.628412
1.051655,0.802975,0.6701550000000001,0.653867
1.004876,0.7764449999999999,0.6507069999999999,0.69491
0.956938,0.75312,0.633757,0.747548
0.911294,0.731683,0.621894,0.8057949999999999
0.869992,0.711024,0.618745,0.8642139999999999
0.8339040000000001,0.690511,0.628412,0.9192170000000001
0.802975,0.6701550000000001,0.653867,0.968989
0.7764449999999999,0.6507069999999999,0.69491,1.012876
0.75312,0.633757,0.747548,1.050798
0.731683,0.621894,0.8057949999999999,1.0828879999999999
0.711024,0.618745,0.8642139999999999,1.109334
0.690511,0.628412,0.9192170000000001,1.130368
0.6701550000000001,0.653867,0.968989,1.146335
0.6507069999999999,0.69491,1.012876,1.157821
0.633757,0.747548,1.050798,1.1657899999999999
0.621894,0.8057949999999999,1.0828879999999999,1.17174
0.618745,0.8642139999999999,1.109334,1.177759
0.628412,0.9192170000000001,1.130368,1.186302
0.653867,0.968989,1.146335,1.199457
0.69491,1.012876,1.157821,1.217701
0.747548,1.050798,1.1657899999999999,1.238616
0.8057949999999999,1.0828879999999999,1.17174,1.25661
0.8642139999999999,1.109334,1.177759,1.264766
0.9192170000000001,1.130368,1.186302,1.258152
0.968989,1.146335,1.199457,1.235818
1.012876,1.157821,1.217701,1.200128
1.050798,1.1657899999999999,1.238616,1.154887
1.0828879999999999,1.17174,1.25661,1.1039
1.109334,1.177759,1.264766,1.050333
1.130368,1.186302,1.258152,0.996577
1.146335,1.199457,1.235818,0.944317
1.157821,1.217701,1.200128,0.8946280000000001
1.1657899999999999,1.238616,1.154887,0.8480340000000001
1.17174,1.25661,1.1039,0.804508
1.177759,1.264766,1.050333,0.7634810000000001
1.186302,1.258152,0.996577,0.7239869999999999
1.199457,1.235818,0.944317,0.685046
1.217701,1.200128,0.8946280000000001,0.646212
1.238616,1.154887,0.8480340000000001,0.607917
1.25661,1.1039,0.804508,0.571394
1.264766,1.050333,0.7634810000000001,0.538323
1.258152,0.996577,0.7239869999999999,0.5106470000000001
1.235818,0.944317,0.685046,0.490642
1.200128,0.8946280000000001,0.646212,0.48111800000000005
1.154887,0.8480340000000001,0.607917,0.485367
1.1039,0.804508,0.571394,0.506452
1.050333,0.7634810000000001,0.538323,0.545643
0.996577,0.7239869999999999,0.5106470000000001,0.600816
0.944317,0.685046,0.490642,0.666462
0.8946280000000001,0.646212,0.48111800000000005,0.7357020000000001
0.8480340000000001,0.607917,0.485367,0.802596
0.804508,0.571394,0.506452,0.863192
0.7634810000000001,0.538323,0.545643,0.915333
0.7239869999999999,0.5106470000000001,0.600816,0.958045
0.685046,0.490642,0.666462,0.9910479999999999
0.646212,0.48111800000000005,0.7357020000000001,1.014557
0.607917,0.485367,0.802596,1.0292379999999999
0.571394,0.506452,0.863192,1.0361790000000002
0.538323,0.545643,0.915333,1.036836
0.5106470000000001,0.600816,0.958045,1.033001
0.490642,0.666462,0.9910479999999999,1.026813
0.48111800000000005,0.7357020000000001,1.014557,1.020815
0.485367,0.802596,1.0292379999999999,1.017924
0.506452,0.863192,1.0361790000000002,1.0211629999999998
0.545643,0.915333,1.036836,1.033033
0.600816,0.958045,1.033001,1.054562
0.666462,0.9910479999999999,1.026813,1.0842889999999998
0.7357020000000001,1.014557,1.020815,1.11755
0.802596,1.0292379999999999,1.017924,1.147159
0.863192,1.0361790000000002,1.0211629999999998,1.166234
0.915333,1.036836,1.033033,1.171403
0.958045,1.033001,1.054562,1.16353
0.9910479999999999,1.026813,1.0842889999999998,1.1460780000000002
1.014557,1.020815,1.11755,1.123176
1.0292379999999999,1.017924,1.147159,1.09851
1.0361790000000002,1.0211629999999998,1.166234,1.074927
1.036836,1.033033,1.171403,1.054358
1.033001,1.054562,1.16353,1.0377969999999999
1.026813,1.0842889999999998,1.1460780000000002,1.025239
1.020815,1.11755,1.123176,1.015616
1.017924,1.147159,1.09851,1.0067959999999998
1.0211629999999998,1.166234,1.074927,0.9957739999999999
1.033033,1.171403,1.054358,0.9792040000000001
1.054562,1.16353,1.0377969999999999,0.954462
1.0842889999999998,1.1460780000000002,1.025239,0.9210149999999999
1.11755,1.123176,1.015616,0.8810020000000001
1.147159,1.09851,1.0067959999999998,0.8382629999999999
1.166234,1.074927,0.9957739999999999,0.796774
1.171403,1.054358,0.9792040000000001,0.759792
1.16353,1.0377969999999999,0.954462,0.729733
1.1460780000000002,1.025239,0.9210149999999999,0.708225
1.123176,1.015616,0.8810020000000001,0.696068
1.09851,1.0067959999999998,0.8382629999999999,0.693122
1.074927,0.9957739999999999,0.796774,0.698307
1.054358,0.9792040000000001,0.759792,0.709853
1.0377969999999999,0.954462,0.729733,0.7257520000000001
1.025239,0.9210149999999999,0.708225,0.74429
1.015616,0.8810020000000001,0.696068,0.764513
1.0067959999999998,0.8382629999999999,0.693122,0.786554
0.9957739999999999,0.796774,0.698307,0.811716
0.9792040000000001,0.759792,0.709853,0.8420629999999999
0.954462,0.729733,0.7257520000000001,0.879202
0.9210149999999999,0.708225,0.74429,0.9225899999999999
0.8810020000000001,0.696068,0.764513,0.9689780000000001
0.8382629999999999,0.693122,0.786554,1.013982
0.796774,0.698307,0.811716,1.05424
0.759792,0.709853,0.8420629999999999,1.088328
0.729733,0.7257520000000001,0.879202,1.116473
0.708225,0.74429,0.9225899999999999,1.139879
0.696068,0.764513,0.9689780000000001,1.160112
0.693122,0.786554,1.013982,1.178656
0.698307,0.811716,1.05424,1.196627
0.709853,0.8420629999999999,1.088328,1.2146489999999999
0.7257520000000001,0.879202,1.116473,1.232874
0.74429,0.9225899999999999,1.139879,1.251102
0.764513,0.9689780000000001,1.160112,1.268897
0.786554,1.013982,1.178656,1.285593
0.811716,1.05424,1.196627,1.3000200000000002
0.8420629999999999,1.088328,1.2146489999999999,1.3099
0.879202,1.116473,1.232874,1.3113860000000002
0.9225899999999999,1.139879,1.251102,1.30005
0.9689780000000001,1.160112,1.268897,1.273576
1.013982,1.178656,1.285593,1.233379
1.05424,1.196627,1.3000200000000002,1.183325
1.088328,1.2146489999999999,1.3099,1.127546
1.116473,1.232874,1.3113860000000002,1.0692540000000001
1.139879,1.251102,1.30005,1.010541
1.160112,1.268897,1.273576,0.9526110000000001
1.178656,1.285593,1.233379,0.896083
1.196627,1.3000200000000002,1.183325,0.8412649999999999
1.2146489999999999,1.3099,1.127546,0.788335
1.232874,1.3113860000000002,1.0692540000000001,0.737448
1.251102,1.30005,1.010541,0.688763
1.268897,1.273576,0.9526110000000001,0.642454
1.285593,1.233379,0.896083,0.598723
1.3000200000000002,1.183325,0.8412649999999999,0.5578489999999999
1.3099,1.127546,0.788335,0.520299
1.3113860000000002,1.0692540000000001,0.737448,0.486867
1.30005,1.010541,0.688763,0.458804
1.273576,0.9526110000000001,0.642454,0.437963
1.233379,0.896083,0.598723,0.426964
1.183325,0.8412649999999999,0.5578489999999999,0.429224
1.127546,0.788335,0.520299,0.448421
1.0692540000000001,0.737448,0.486867,0.486957
1.010541,0.688763,0.458804,0.5438189999999999
0.9526110000000001,0.642454,0.437963,0.61361
0.896083,0.598723,0.426964,0.688229
0.8412649999999999,0.5578489999999999,0.429224,0.75993
0.788335,0.520299,0.448421,0.823357
0.737448,0.486867,0.486957,0.8758030000000001
0.688763,0.458804,0.5438189999999999,0.916518
0.642454,0.437963,0.61361,0.9459209999999999
0.598723,0.426964,0.688229,0.9650200000000001
0.5578489999999999,0.429224,0.75993,0.9751059999999999
0.520299,0.448421,0.823357,0.977616
0.486867,0.486957,0.8758030000000001,0.9741200000000001
0.458804,0.5438189999999999,0.916518,0.9663700000000001
0.437963,0.61361,0.9459209999999999,0.956398
0.426964,0.688229,0.9650200000000001,0.946634
0.429224,0.75993,0.9751059999999999,0.939969
0.448421,0.823357,0.977616,0.9396059999999999
0.486957,0.8758030000000001,0.9741200000000001,0.948514
0.5438189999999999,0.916518,0.9663700000000001,0.9685020000000001
0.61361,0.9459209999999999,0.956398,0.9991459999999999
0.688229,0.9650200000000001,0.946634,1.036925
0.75993,0.9751059999999999,0.939969,1.075412
0.823357,0.977616,0.9396059999999999,1.107591
0.8758030000000001,0.9741200000000001,0.948514,1.129155
0.916518,0.9663700000000001,0.9685020000000001,1.139786
0.9459209999999999,0.956398,0.9991459999999999,1.14194
0.9650200000000001,0.946634,1.036925,1.139048
0.9751059999999999,0.939969,1.075412,1.134371
0.977616,0.9396059999999999,1.107591,1.130494
0.9741200000000001,0.948514,1.129155,1.129145
0.9663700000000001,0.9685020000000001,1.139786,1.131129
0.956398,0.9991459999999999,1.14194,1.136308
0.946634,1.036925,1.139048,1.1436600000000001
0.939969,1.075412,1.134371,1.151376
0.9396059999999999,1.107591,1.130494,1.156916
0.948514,1.129155,1.129145,1.156974
0.9685020000000001,1.139786,1.131129,1.147708
0.9991459999999999,1.14194,1.136308,1.12602
1.036925,1.139048,1.1436600000000001,1.091693
1.075412,1.134371,1.151376,1.048062
1.107591,1.130494,1.156916,1.0000930000000001
1.129155,1.129145,1.156974,0.952168
1.139786,1.131129,1.147708,0.907222
1.14194,1.136308,1.12602,0.866816
1.139048,1.1436600000000001,1.091693,0.831413
1.134371,1.151376,1.048062,0.800638
1.130494,1.156916,1.0000930000000001,0.773536
1.129145,1.156974,0.952168,0.748873
1.131129,1.147708,0.907222,0.725456
1.136308,1.12602,0.866816,0.702433
1.1436600000000001,1.091693,0.831413,0.6794939999999999
1.151376,1.048062,0.800638,0.6569649999999999
1.156916,1.0000930000000001,0.773536,0.635864
1.156974,0.952168,0.748873,0.618023
1.147708,0.907222,0.725456,0.606259
1.12602,0.866816,0.702433,0.604353
1.091693,0.831413,0.6794939999999999,0.616305
1.048062,0.800638,0.6569649999999999,0.64459
1.0000930000000001,0.773536,0.635864,0.688261
0.952168,0.748873,0.618023,0.7428020000000001
0.907222,0.725456,0.606259,0.802186
0.866816,0.702433,0.604353,0.861224
0.831413,0.6794939999999999,0.616305,0.9165709999999999
0.800638,0.6569649999999999,0.64459,0.966518
0.773536,0.635864,0.688261,1.010389
0.748873,0.618023,0.7428020000000001,1.048024
0.725456,0.606259,0.802186,1.079467
0.702433,0.604353,0.861224,1.104862
0.6794939999999999,0.616305,0.9165709999999999,1.124459
0.6569649999999999,0.64459,0.966518,1.138695
0.635864,0.688261,1.010389,1.148304
0.618023,0.7428020000000001,1.048024,1.1544459999999999
0.606259,0.802186,1.079467,1.158842
0.604353,0.861224,1.104862,1.163793
0.616305,0.9165709999999999,1.124459,1.171892
0.64459,0.966518,1.138695,1.185233
0.688261,1.010389,1.148304,1.2041870000000001
0.7428020000000001,1.048024,1.1544459999999999,1.226208
0.802186,1.079467,1.158842,1.2456129999999999
0.861224,1.104862,1.163793,1.255392
0.9165709999999999,1.124459,1.171892,1.250477
0.966518,1.138695,1.185233,1.229795
1.010389,1.148304,1.2041870000000001,1.1956799999999999
1.048024,1.1544459999999999,1.226208,1.151986
1.079467,1.158842,1.2456129999999999,1.102598
1.104862,1.163793,1.255392,1.0507549999999999
1.124459,1.171892,1.250477,0.9988959999999999
1.138695,1.185233,1.229795,0.9487270000000001
1.148304,1.2041870000000001,1.1956799999999999,0.9013100000000001
1.1544459999999999,1.226208,1.151986,0.85711
1.158842,1.2456129999999999,1.102598,0.81598
1.163793,1.255392,1.0507549999999999,0.777172
1.171892,1.250477,0.9988959999999999,0.739509
1.185233,1.229795,0.9487270000000001,0.701849
1.2041870000000001,1.1956799999999999,0.9013100000000001,0.6636880000000001
1.226208,1.151986,0.85711,0.625533
1.2456129999999999,1.102598,0.81598,0.5887640000000001
1.255392,1.0507549999999999,0.777172,0.555226
1.250477,0.9988959999999999,0.739509,0.52698
1.229795,0.9487270000000001,0.701849,0.506368
1.1956799999999999,0.9013100000000001,0.6636880000000001,0.496179
1.151986,0.85711,0.625533,0.49958400000000003
1.102598,0.81598,0.5887640000000001,0.5194340000000001
1.0507549999999999,0.777172,0.555226,0.556828
0.9988959999999999,0.739509,0.52698,0.609727
0.9487270000000001,0.701849,0.506368,0.673038
0.9013100000000001,0.6636880000000001,0.496179,0.740417
0.85711,0.625533,0.49958400000000003,0.8063140000000001
0.81598,0.5887640000000001,0.5194340000000001,0.866906
0.777172,0.555226,0.556828,0.919953
0.739509,0.52698,0.609727,0.964268
0.701849,0.506368,0.673038,0.9992969999999999
0.6636880000000001,0.496179,0.740417,1.024988
0.625533,0.49958400000000003,0.8063140000000001,1.041798
0.5887640000000001,0.5194340000000001,0.866906,1.05069
0.555226,0.556828,0.919953,1.0530620000000002
0.52698,0.609727,0.964268,1.050689
0.506368,0.673038,0.9992969999999999,1.045715
0.496179,0.740417,1.024988,1.040676
0.49958400000000003,0.8063140000000001,1.041798,1.038447
0.5194340000000001,0.866906,1.05069,1.041976
0.556828,0.919953,1.0530620000000002,1.053666
0.609727,0.964268,1.050689,1.074494
0.673038,0.9992969999999999,1.045715,1.103024
0.740417,1.024988,1.040676,1.134696
0.8063140000000001,1.041798,1.038447,1.16239
0.866906,1.05069,1.041976,1.1791280000000002
0.919953,1.0530620000000002,1.053666,1.181349
0.964268,1.050689,1.074494,1.169841
0.9992969999999999,1.045715,1.103024,1.148159
1.024988,1.040676,1.134696,1.120591
1.041798,1.038447,1.16239,1.0909659999999999
1.05069,1.041976,1.1791280000000002,1.062233
1.0530620000000002,1.053666,1.181349,1.036398
1.050689,1.074494,1.169841,1.014532
1.045715,1.103024,1.148159,0.9967299999999999
1.040676,1.134696,1.120591,0.982037
1.038447,1.16239,1.0909659999999999,0.968454
1.041976,1.1791280000000002,1.062233,0.9531569999999999
1.053666,1.181349,1.036398,0.9330799999999999
1.074494,1.169841,1.014532,0.905956
1.103024,1.148159,0.9967299999999999,0.871497
1.134696,1.120591,0.982037,0.831772
1.16239,1.0909659999999999,0.968454,0.7903060000000001
1.1791280000000002,1.062233,0.9531569999999999,0.7507689999999999
1.181349,1.036398,0.9330799999999999,0.716288
1.169841,1.014532,0.905956,0.689355
1.148159,0.9967299999999999,0.871497,0.671844
1.120591,0.982037,0.831772,0.664875
1.0909659999999999,0.968454,0.7903060000000001,0.668563
1.062233,0.9531569999999999,0.7507689999999999,0.68191
1.036398,0.9330799999999999,0.716288,0.703023
1.014532,0.905956,0.689355,0.729645
0.9967299999999999,0.871497,0.671844,0.7597659999999999
0.982037,0.831772,0.664875,0.792114
0.968454,0.7903060000000001,0.668563,0.826405
0.9531569999999999,0.7507689999999999,0.68191,0.863243
0.9330799999999999,0.716288,0.703023,0.903483
0.905956,0.689355,0.729645,0.9470459999999999
0.871497,0.671844,0.7597659999999999,0.9919709999999999
0.831772,0.664875,0.792114,1.034902
0.7903060000000001,0.668563,0.826405,1.072749
0.7507689999999999,0.68191,0.863243,1.103931
0.716288,0.703023,0.903483,1.128496
0.689355,0.729645,0.9470459999999999,1.1476549999999999
0.671844,0.7597659999999999,0.9919709999999999,1.163223
0.664875,0.792114,1.034902,1.177157
0.668563,0.826405,1.072749,1.19117
0.68191,0.863243,1.103931,1.206433
0.703023,0.903483,1.128496,1.223394
0.729645,0.9470459999999999,1.1476549999999999,1.241735
0.7597659999999999,0.9919709999999999,1.163223,1.26043
0.792114,1.034902,1.177157,1.277822
0.826405,1.072749,1.19117,1.2915780000000001
0.863243,1.103931,1.206433,1.298522
0.903483,1.128496,1.223394,1.294761
0.9470459999999999,1.1476549999999999,1.241735,1.276946
0.9919709999999999,1.163223,1.26043,1.2443540000000002
1.034902,1.177157,1.277822,1.19955
1.072749,1.19117,1.2915780000000001,1.146802
1.103931,1.206433,1.298522,1.090183
1.128496,1.223394,1.294761,1.032672
1.1476549999999999,1.241735,1.276946,0.9760850000000001
1.163223,1.26043,1.2443540000000002,0.9213040000000001
1.177157,1.277822,1.19955,0.8685719999999999
1.19117,1.2915780000000001,1.146802,0.817775
1.206433,1.298522,1.090183,0.7686930000000001
1.223394,1.294761,1.032672,0.7211930000000001
1.241735,1.276946,0.9760850000000001,0.67532
1.26043,1.2443540000000002,0.9213040000000001,0.631308
1.277822,1.19955,0.8685719999999999,0.5895520000000001
1.2915780000000001,1.146802,0.817775,0.5506
1.298522,1.090183,0.7686930000000001,0.515212
1.294761,1.032672,0.7211930000000001,0.484493
1.276946,0.9760850000000001,0.67532,0.460074
1.2443540000000002,0.9213040000000001,0.631308,0.444313
1.19955,0.8685719999999999,0.5895520000000001,0.440392
1.146802,0.817775,0.5506,0.451992
1.090183,0.7686930000000001,0.515212,0.482084
1.032672,0.7211930000000001,0.484493,0.530946
0.9760850000000001,0.67532,0.460074,0.594807
0.9213040000000001,0.631308,0.444313,0.666712
0.8685719999999999,0.5895520000000001,0.440392,0.7390909999999999
0.817775,0.5506,0.451992,0.8059390000000001
0.7686930000000001,0.515212,0.482084,0.86356
0.7211930000000001,0.484493,0.530946,0.910267
0.67532,0.460074,0.594807,0.945774
0.631308,0.444313,0.666712,0.970643
0.5895520000000001,0.440392,0.7390909999999999,0.9859120000000001
0.5506,0.451992,0.8059390000000001,0.992878
0.515212,0.482084,0.86356,0.993014
0.484493,0.530946,0.910267,0.9879700000000001
0.460074,0.594807,0.945774,0.9796540000000001
0.444313,0.666712,0.970643,0.9703379999999999
0.440392,0.7390909999999999,0.9859120000000001,0.962752
0.451992,0.8059390000000001,0.992878,0.96001
0.482084,0.86356,0.993014,0.9652059999999999
0.530946,0.910267,0.9879700000000001,0.980626
0.594807,0.945774,0.9796540000000001,1.00675
0.666712,0.970643,0.9703379999999999,1.041302
0.7390909999999999,0.9859120000000001,0.962752,1.078822
0.8059390000000001,0.992878,0.96001,1.112006
0.86356,0.993014,0.9652059999999999,1.1349870000000002
0.910267,0.9879700000000001,0.980626,1.145864
0.945774,0.9796540000000001,1.00675,1.1463649999999999
0.970643,0.9703379999999999,1.041302,1.139948
0.9859120000000001,0.962752,1.078822,1.130249
0.992878,0.96001,1.112006,1.120336
0.993014,0.9652059999999999,1.1349870000000002,1.112457
0.9879700000000001,0.980626,1.145864,1.107947
0.9796540000000001,1.00675,1.1463649999999999,1.1071799999999998
0.9703379999999999,1.041302,1.139948,1.109542
0.962752,1.078822,1.130249,1.113466
0.96001,1.112006,1.120336,1.116514
0.9652059999999999,1.1349870000000002,1.112457,1.115467
0.980626,1.145864,1.107947,1.106593
1.00675,1.1463649999999999,1.1071799999999998,1.08665
1.041302,1.139948,1.109542,1.054728
1.078822,1.130249,1.113466,1.0133290000000001
1.112006,1.120336,1.116514,0.967095
1.1349870000000002,1.112457,1.115467,0.9206030000000001
1.145864,1.107947,1.106593,0.8772120000000001
1.1463649999999999,1.1071799999999998,1.08665,0.8389479999999999
1.139948,1.109542,1.054728,0.806712
1.130249,1.113466,1.0133290000000001,0.780472
1.120336,1.116514,0.967095,0.75944
1.112457,1.115467,0.9206030000000001,0.742312
1.107947,1.106593,0.8772120000000001,0.727581
1.1071799999999998,1.08665,0.8389479999999999,0.713911
1.109542,1.054728,0.806712,0.7004630000000001
1.113466,1.0133290000000001,0.780472,0.687149
1.116514,0.967095,0.75944,0.674774
1.115467,0.9206030000000001,0.742312,0.665176
1.106593,0.8772120000000001,0.727581,0.661327
1.08665,0.8389479999999999,0.713911,0.667154
1.054728,0.806712,0.7004630000000001,0.686467
1.0133290000000001,0.780472,0.687149,0.720869
0.967095,0.75944,0.674774,0.7680739999999999
0.9206030000000001,0.742312,0.665176,0.822677
0.8772120000000001,0.727581,0.661327,0.878826
0.8389479999999999,0.713911,0.667154,0.932298
0.806712,0.7004630000000001,0.686467,0.980915
0.780472,0.687149,0.720869,1.023994
0.75944,0.674774,0.7680739999999999,1.061635
0.742312,0.665176,0.822677,1.094225
0.727581,0.661327,0.878826,1.122167
0.713911,0.667154,0.932298,1.145783
0.7004630000000001,0.686467,0.980915,1.165352
0.687149,0.720869,1.023994,1.181208
0.674774,0.7680739999999999,1.061635,1.193893
0.665176,0.822677,1.094225,1.204334
0.661327,0.878826,1.122167,1.21397
0.667154,0.932298,1.145783,1.224688
0.686467,0.980915,1.165352,1.238262
0.720869,1.023994,1.181208,1.2551290000000002
0.7680739999999999,1.061635,1.193893,1.27294
0.822677,1.094225,1.204334,1.286218
0.878826,1.122167,1.21397,1.288448
0.932298,1.145783,1.224688,1.2754860000000001
0.980915,1.165352,1.238262,1.2471729999999999
1.023994,1.181208,1.2551290000000002,1.206257
1.061635,1.193893,1.27294,1.156501
1.094225,1.204334,1.286218,1.101449
1.122167,1.21397,1.288448,1.043964
1.145783,1.224688,1.2754860000000001,0.98619
1.165352,1.238262,1.2471729999999999,0.929644
1.181208,1.2551290000000002,1.206257,0.875333
1.193893,1.27294,1.156501,0.8238260000000001
1.204334,1.286218,1.101449,0.775291
1.21397,1.288448,1.043964,0.7295159999999999
1.224688,1.2754860000000001,0.98619,0.6859970000000001
1.238262,1.2471729999999999,0.929644,0.644176
1.2551290000000002,1.206257,0.875333,0.6038100000000001
1.27294,1.156501,0.8238260000000001,0.565257
1.286218,1.101449,0.775291,0.529468
1.288448,1.043964,0.7295159999999999,0.49780699999999994
1.2754860000000001,0.98619,0.6859970000000001,0.471979
1.2471729999999999,0.929644,0.644176,0.454183
1.206257,0.875333,0.6038100000000001,0.447334
1.156501,0.8238260000000001,0.565257,0.45502200000000004
1.101449,0.775291,0.529468,0.480671
1.043964,0.7295159999999999,0.49780699999999994,0.5255989999999999
0.98619,0.6859970000000001,0.471979,0.5869949999999999
0.929644,0.644176,0.454183,0.6580560000000001
0.875333,0.6038100000000001,0.447334,0.730704
0.8238260000000001,0.565257,0.45502200000000004,0.798457
0.775291,0.529468,0.480671,0.857459
0.7295159999999999,0.49780699999999994,0.5255989999999999,0.906035
0.6859970000000001,0.471979,0.5869949999999999,0.9438540000000001
0.644176,0.454183,0.6580560000000001,0.971297
0.6038100000000001,0.447334,0.730704,0.9891530000000001
0.565257,0.45502200000000004,0.798457,0.9985059999999999
0.529468,0.480671,0.857459,1.0006950000000001
0.49780699999999994,0.5255989999999999,0.906035,0.997297
0.471979,0.5869949999999999,0.9438540000000001,0.9901459999999999
0.454183,0.6580560000000001,0.971297,0.981409
0.447334,0.730704,0.9891530000000001,0.973686
0.45502200000000004,0.798457,0.9985059999999999,0.970009
0.480671,0.857459,1.0006950000000001,0.9735590000000001
0.5255989999999999,0.906035,0.997297,0.986926
0.5869949999999999,0.9438540000000001,0.9901459999999999,1.011033
0.6580560000000001,0.971297,0.981409,1.0440610000000001
0.730704,0.9891530000000001,0.973686,1.080921
0.798457,0.9985059999999999,0.970009,1.114365
0.857459,1.0006950000000001,0.9735590000000001,1.138095
0.906035,0.997297,0.986926,1.149519
0.9438540000000001,0.9901459999999999,1.011033,1.1498329999999999
0.971297,0.981409,1.0440610000000001,1.14231
0.9891530000000001,0.973686,1.080921,1.130654
0.9985059999999999,0.970009,1.114365,1.118124
1.0006950000000001,0.9735590000000001,1.138095,1.107193
0.997297,0.986926,1.149519,1.099442
0.9901459999999999,1.011033,1.1498329999999999,1.095508
0.981409,1.0440610000000001,1.14231,1.095035
0.973686,1.080921,1.130654,1.09667
0.970009,1.114365,1.118124,1.098111
0.9735590000000001,1.138095,1.107193,1.0962
0.986926,1.149519,1.099442,1.087212
1.011033,1.1498329999999999,1.095508,1.067817
1.0440610000000001,1.14231,1.095035,1.036841
1.080921,1.130654,1.09667,0.996426
1.114365,1.118124,1.098111,0.950987
1.138095,1.107193,1.0962,0.905085
1.149519,1.099442,1.087212,0.8622049999999999
1.1498329999999999,1.095508,1.067817,0.824575
1.14231,1.095035,1.036841,0.79333
1.130654,1.09667,0.996426,0.7686689999999999
1.118124,1.098111,0.950987,0.7499779999999999
1.107193,1.0962,0.905085,0.7360270000000001
1.099442,1.087212,0.8622049999999999,0.7252569999999999
1.095508,1.067817,0.824575,0.7161569999999999
1.095035,1.036841,0.79333,0.707637
1.09667,0.996426,0.7686689999999999,0.699344
1.098111,0.950987,0.7499779999999999,0.691886
1.0962,0.905085,0.7360270000000001,0.687004
1.087212,0.8622049999999999,0.7252569999999999,0.687654
1.067817,0.824575,0.7161569999999999,0.6977180000000001
1.036841,0.79333,0.707637,0.7207680000000001
0.996426,0.7686689999999999,0.699344,0.757882
0.950987,0.7499779999999999,0.691886,0.806213
0.905085,0.7360270000000001,0.687004,0.8601709999999999
0.8622049999999999,0.7252569999999999,0.687654,0.9142
0.824575,0.7161569999999999,0.6977180000000001,0.964614
0.79333,0.707637,0.7207680000000001,1.00977
0.7686689999999999,0.699344,0.757882,1.049409
0.7499779999999999,0.691886,0.806213,1.083943
0.7360270000000001,0.687004,0.8601709999999999,1.1139809999999999
0.7252569999999999,0.687654,0.9142,1.140068
0.7161569999999999,0.6977180000000001,0.964614,1.162618
0.707637,0.7207680000000001,1.00977,1.181942
0.699344,0.757882,1.049409,1.198359
0.691886,0.806213,1.083943,1.212344
0.687004,0.8601709999999999,1.1139809999999999,1.224702
0.687654,0.9142,1.140068,1.236669
0.6977180000000001,0.964614,1.162618,1.249762
0.7207680000000001,1.00977,1.181942,1.265031
0.757882,1.049409,1.198359,1.281665
0.806213,1.083943,1.212344,1.295788
0.8601709999999999,1.1139809999999999,1.224702,1.3012110000000001
0.9142,1.140068,1.236669,1.2926229999999999
0.964614,1.162618,1.249762,1.26839
1.00977,1.181942,1.265031,1.23044
1.049409,1.198359,1.281665,1.1823569999999999
1.083943,1.212344,1.295788,1.127794
1.1139809999999999,1.224702,1.3012110000000001,1.069782
1.140068,1.236669,1.2926229999999999,1.010614
1.162618,1.249762,1.26839,0.951945
1.181942,1.265031,1.23044,0.894917
1.198359,1.281665,1.1823569999999999,0.840268
1.212344,1.295788,1.127794,0.788392
1.224702,1.3012110000000001,1.069782,0.739373
1.236669,1.2926229999999999,1.010614,0.693021
1.249762,1.26839,0.951945,0.6489779999999999
1.265031,1.23044,0.894917,0.60696
1.281665,1.1823569999999999,0.840268,0.567048
1.295788,1.127794,0.788392,0.5298430000000001
1.3012110000000001,1.069782,0.739373,0.496407
1.2926229999999999,1.010614,0.693021,0.468171
1.26839,0.951945,0.6489779999999999,0.447014
1.23044,0.894917,0.60696,0.435496
1.1823569999999999,0.840268,0.567048,0.436993
1.127794,0.788392,0.5298430000000001,0.45529
1.069782,0.739373,0.496407,0.49305200000000005
1.010614,0.693021,0.468171,0.549452
0.951945,0.6489779999999999,0.447014,0.618967
0.894917,0.60696,0.435496,0.693236
0.840268,0.567048,0.436993,0.764479
0.788392,0.5298430000000001,0.45529,0.827557
0.739373,0.496407,0.49305200000000005,0.880008
